SET SESSION show_old_temporals = ON;
Warnings:
Warning	1287	'@@show_old_temporals' is deprecated and will be removed in a future release.
SET @save_show_old_temporals= @@show_old_temporals;
Warnings:
Warning	1287	'@@show_old_temporals' is deprecated and will be removed in a future release.
SELECT @@create_old_temporals;
@@create_old_temporals
1
Warnings:
Warning	1287	'@@create_old_temporals' is deprecated and will be removed in a future release.
CREATE TABLE t1 (c1_old TIMESTAMP, c2_new TIMESTAMP(0), c3_new TIMESTAMP(3),
c4_old TIME, c5_new TIME(0), c6_new TIME(3),
c7_old DATETIME, c8_new DATETIME(0), c9_new DATETIME(3));
SHOW CREATE TABLE t1;
Table	Create Table
t1	CREATE TABLE `t1` (
  `c1_old` timestamp /* 5.5 binary format */ NOT NULL DEFAULT CURRENT_TIMESTAMP ON UPDATE CURRENT_TIMESTAMP,
  `c2_new` timestamp NOT NULL DEFAULT '0000-00-00 00:00:00',
  `c3_new` timestamp(3) NOT NULL DEFAULT '0000-00-00 00:00:00.000',
  `c4_old` time /* 5.5 binary format */ DEFAULT NULL,
  `c5_new` time DEFAULT NULL,
  `c6_new` time(3) DEFAULT NULL,
  `c7_old` datetime /* 5.5 binary format */ DEFAULT NULL,
  `c8_new` datetime DEFAULT NULL,
  `c9_new` datetime(3) DEFAULT NULL
) ENGINE=MyISAM DEFAULT CHARSET=latin1
ALTER TABLE t1 FORCE;
SHOW CREATE TABLE t1;
Table	Create Table
t1	CREATE TABLE `t1` (
  `c1_old` timestamp /* 5.5 binary format */ NOT NULL DEFAULT CURRENT_TIMESTAMP ON UPDATE CURRENT_TIMESTAMP,
  `c2_new` timestamp NOT NULL DEFAULT '0000-00-00 00:00:00',
  `c3_new` timestamp(3) NOT NULL DEFAULT '0000-00-00 00:00:00.000',
  `c4_old` time /* 5.5 binary format */ DEFAULT NULL,
  `c5_new` time DEFAULT NULL,
  `c6_new` time(3) DEFAULT NULL,
  `c7_old` datetime /* 5.5 binary format */ DEFAULT NULL,
  `c8_new` datetime DEFAULT NULL,
  `c9_new` datetime(3) DEFAULT NULL
) ENGINE=MyISAM DEFAULT CHARSET=latin1
CREATE TABLE t2 LIKE t1;
SHOW CREATE TABLE t2;
Table	Create Table
t2	CREATE TABLE `t2` (
  `c1_old` timestamp /* 5.5 binary format */ NOT NULL DEFAULT CURRENT_TIMESTAMP ON UPDATE CURRENT_TIMESTAMP,
  `c2_new` timestamp NOT NULL DEFAULT '0000-00-00 00:00:00',
  `c3_new` timestamp(3) NOT NULL DEFAULT '0000-00-00 00:00:00.000',
  `c4_old` time /* 5.5 binary format */ DEFAULT NULL,
  `c5_new` time DEFAULT NULL,
  `c6_new` time(3) DEFAULT NULL,
  `c7_old` datetime /* 5.5 binary format */ DEFAULT NULL,
  `c8_new` datetime DEFAULT NULL,
  `c9_new` datetime(3) DEFAULT NULL
) ENGINE=MyISAM DEFAULT CHARSET=latin1
CREATE TABLE t3 SELECT * FROM t1;
SHOW CREATE TABLE t3;
Table	Create Table
t3	CREATE TABLE `t3` (
  `c1_old` timestamp /* 5.5 binary format */ NOT NULL DEFAULT CURRENT_TIMESTAMP ON UPDATE CURRENT_TIMESTAMP,
  `c2_new` timestamp NOT NULL DEFAULT '0000-00-00 00:00:00',
  `c3_new` timestamp(3) NOT NULL DEFAULT '0000-00-00 00:00:00.000',
  `c4_old` time /* 5.5 binary format */ DEFAULT NULL,
  `c5_new` time DEFAULT NULL,
  `c6_new` time(3) DEFAULT NULL,
  `c7_old` datetime /* 5.5 binary format */ DEFAULT NULL,
  `c8_new` datetime DEFAULT NULL,
  `c9_new` datetime(3) DEFAULT NULL
) ENGINE=MyISAM DEFAULT CHARSET=latin1
DROP TABLE t1, t2, t3;
CREATE TABLE t1 AS SELECT CAST('2000-01-01 00:00:00' AS DATETIME),
CAST('2000-01-01 00:00:00' AS DATETIME(0)),
CAST('2000-01-01 00:00:00' AS DATETIME(3)),
CAST('2000-01-01 00:00:00' AS TIME),
CAST('2000-01-01 00:00:00' AS TIME(0)),
CAST('2000-01-01 00:00:00' AS TIME(3)),
NOW(), NOW(0), NOW(3),
CURTIME(), CURTIME(0), CURTIME(3),
SYSDATE(), SYSDATE(0), SYSDATE(3),
UTC_TIME(), UTC_TIME(0), UTC_TIME(3),
UTC_TIMESTAMP(), UTC_TIMESTAMP(0), UTC_TIMESTAMP(3);
SHOW CREATE TABLE t1;
Table	Create Table
t1	CREATE TABLE `t1` (
  `CAST('2000-01-01 00:00:00' AS DATETIME)` datetime DEFAULT NULL,
  `CAST('2000-01-01 00:00:00' AS DATETIME(0))` datetime DEFAULT NULL,
  `CAST('2000-01-01 00:00:00' AS DATETIME(3))` datetime(3) DEFAULT NULL,
  `CAST('2000-01-01 00:00:00' AS TIME)` time DEFAULT NULL,
  `CAST('2000-01-01 00:00:00' AS TIME(0))` time DEFAULT NULL,
  `CAST('2000-01-01 00:00:00' AS TIME(3))` time(3) DEFAULT NULL,
  `NOW()` datetime NOT NULL DEFAULT '0000-00-00 00:00:00',
  `NOW(0)` datetime NOT NULL DEFAULT '0000-00-00 00:00:00',
  `NOW(3)` datetime(3) NOT NULL DEFAULT '0000-00-00 00:00:00.000',
  `CURTIME()` time NOT NULL DEFAULT '00:00:00',
  `CURTIME(0)` time NOT NULL DEFAULT '00:00:00',
  `CURTIME(3)` time(3) NOT NULL DEFAULT '00:00:00.000',
  `SYSDATE()` datetime NOT NULL DEFAULT '0000-00-00 00:00:00',
  `SYSDATE(0)` datetime NOT NULL DEFAULT '0000-00-00 00:00:00',
  `SYSDATE(3)` datetime(3) NOT NULL DEFAULT '0000-00-00 00:00:00.000',
  `UTC_TIME()` time NOT NULL DEFAULT '00:00:00',
  `UTC_TIME(0)` time NOT NULL DEFAULT '00:00:00',
  `UTC_TIME(3)` time(3) NOT NULL DEFAULT '00:00:00.000',
  `UTC_TIMESTAMP()` datetime NOT NULL DEFAULT '0000-00-00 00:00:00',
  `UTC_TIMESTAMP(0)` datetime NOT NULL DEFAULT '0000-00-00 00:00:00',
  `UTC_TIMESTAMP(3)` datetime(3) NOT NULL DEFAULT '0000-00-00 00:00:00.000'
) ENGINE=MyISAM DEFAULT CHARSET=latin1
DROP TABLE t1;
CREATE TABLE t1 (i INT);
ALTER TABLE t1
ADD COLUMN c1_old TIMESTAMP,
ADD COLUMN c2_new TIMESTAMP(0),
ADD COLUMN c3_new TIMESTAMP(3),
ADD COLUMN c4_old DATETIME,
ADD COLUMN c5_new DATETIME(0),
ADD COLUMN c6_new DATETIME(3),
ADD COLUMN c7_old TIME,
ADD COLUMN c8_new TIME(0),
ADD COLUMN c9_new TIME(3);
SHOW CREATE TABLE t1;
Table	Create Table
t1	CREATE TABLE `t1` (
  `i` int(11) DEFAULT NULL,
  `c1_old` timestamp /* 5.5 binary format */ NOT NULL DEFAULT CURRENT_TIMESTAMP ON UPDATE CURRENT_TIMESTAMP,
  `c2_new` timestamp NOT NULL DEFAULT '0000-00-00 00:00:00',
  `c3_new` timestamp(3) NOT NULL DEFAULT '0000-00-00 00:00:00.000',
  `c4_old` datetime /* 5.5 binary format */ DEFAULT NULL,
  `c5_new` datetime DEFAULT NULL,
  `c6_new` datetime(3) DEFAULT NULL,
  `c7_old` time /* 5.5 binary format */ DEFAULT NULL,
  `c8_new` time DEFAULT NULL,
  `c9_new` time(3) DEFAULT NULL
) ENGINE=MyISAM DEFAULT CHARSET=latin1
DROP TABLE t1;
CREATE TABLE t1 (c1 INT, c2 INT, c3 INT,
c4 INT, c5 INT, c6 INT, c7 INT, c8 INT, c9 INT);
ALTER TABLE t1
MODIFY COLUMN c1 TIMESTAMP,
MODIFY COLUMN c2 TIMESTAMP(0),
MODIFY COLUMN c3 TIMESTAMP(3),
MODIFY COLUMN c4 DATETIME,
MODIFY COLUMN c5 DATETIME(0),
MODIFY COLUMN c6 DATETIME(3),
MODIFY COLUMN c7 TIME,
MODIFY COLUMN c8 TIME(0),
MODIFY COLUMN c9 TIME(3);
SHOW CREATE TABLE t1;
Table	Create Table
t1	CREATE TABLE `t1` (
  `c1` timestamp /* 5.5 binary format */ NOT NULL DEFAULT CURRENT_TIMESTAMP ON UPDATE CURRENT_TIMESTAMP,
  `c2` timestamp NOT NULL DEFAULT '0000-00-00 00:00:00',
  `c3` timestamp(3) NOT NULL DEFAULT '0000-00-00 00:00:00.000',
  `c4` datetime /* 5.5 binary format */ DEFAULT NULL,
  `c5` datetime DEFAULT NULL,
  `c6` datetime(3) DEFAULT NULL,
  `c7` time /* 5.5 binary format */ DEFAULT NULL,
  `c8` time DEFAULT NULL,
  `c9` time(3) DEFAULT NULL
) ENGINE=MyISAM DEFAULT CHARSET=latin1
DROP TABLE t1;
CREATE TABLE t1 (c1 INT, c2 INT, c3 INT,
c4 INT, c5 INT, c6 INT, c7 INT, c8 INT, c9 INT);
ALTER TABLE t1
CHANGE COLUMN c1 c1_old TIMESTAMP,
CHANGE COLUMN c2 c2_new TIMESTAMP(0),
CHANGE COLUMN c3 c3_new TIMESTAMP(3),
CHANGE COLUMN c4 c4_old DATETIME,
CHANGE COLUMN c5 c5_new DATETIME(0),
CHANGE COLUMN c6 c6_new DATETIME(3),
CHANGE COLUMN c7 c7_old TIME,
CHANGE COLUMN c8 c8_new TIME(0),
CHANGE COLUMN c9 c9_new TIME(3);
SHOW CREATE TABLE t1;
Table	Create Table
t1	CREATE TABLE `t1` (
  `c1_old` timestamp /* 5.5 binary format */ NOT NULL DEFAULT CURRENT_TIMESTAMP ON UPDATE CURRENT_TIMESTAMP,
  `c2_new` timestamp NOT NULL DEFAULT '0000-00-00 00:00:00',
  `c3_new` timestamp(3) NOT NULL DEFAULT '0000-00-00 00:00:00.000',
  `c4_old` datetime /* 5.5 binary format */ DEFAULT NULL,
  `c5_new` datetime DEFAULT NULL,
  `c6_new` datetime(3) DEFAULT NULL,
  `c7_old` time /* 5.5 binary format */ DEFAULT NULL,
  `c8_new` time DEFAULT NULL,
  `c9_new` time(3) DEFAULT NULL
) ENGINE=MyISAM DEFAULT CHARSET=latin1
DROP TABLE t1;
CREATE FUNCTION f1() RETURNS TIMESTAMP RETURN '2000-01-01 00:00:00';
CREATE FUNCTION f2() RETURNS DATETIME RETURN '2000-01-01 00:00:00';
CREATE FUNCTION f3() RETURNS TIME RETURN '2000-01-01 00:00:00';
CREATE TABLE t1 AS SELECT f1(), f2(), f3();
Warnings:
Note	1265	Data truncated for column 'f3()' at row 1
SHOW CREATE TABLE t1;
Table	Create Table
t1	CREATE TABLE `t1` (
  `f1()` timestamp NULL DEFAULT NULL,
  `f2()` datetime DEFAULT NULL,
  `f3()` time DEFAULT NULL
) ENGINE=MyISAM DEFAULT CHARSET=latin1
DROP TABLE t1;
DROP FUNCTION f1;
DROP FUNCTION f2;
DROP FUNCTION f3;
CREATE FUNCTION f1() RETURNS TIMESTAMP(0) RETURN '2000-01-01 00:00:00';
CREATE FUNCTION f2() RETURNS DATETIME(0) RETURN '2000-01-01 00:00:00';
CREATE FUNCTION f3() RETURNS TIME(0) RETURN '2000-01-01 00:00:00';
CREATE TABLE t1 AS SELECT f1(), f2(), f3();
Warnings:
Note	1265	Data truncated for column 'f3()' at row 1
SHOW CREATE TABLE t1;
Table	Create Table
t1	CREATE TABLE `t1` (
  `f1()` timestamp NULL DEFAULT NULL,
  `f2()` datetime DEFAULT NULL,
  `f3()` time DEFAULT NULL
) ENGINE=MyISAM DEFAULT CHARSET=latin1
DROP TABLE t1;
DROP FUNCTION f1;
DROP FUNCTION f2;
DROP FUNCTION f3;
CREATE FUNCTION f1() RETURNS TIMESTAMP(3) RETURN '2000-01-01 00:00:00.123';
CREATE FUNCTION f2() RETURNS DATETIME(3) RETURN '2000-01-01 00:00:00.123';
CREATE FUNCTION f3() RETURNS TIME(3) RETURN '2000-01-01 00:00:00.123';
CREATE TABLE t1 AS SELECT f1(), f2(), f3();
Warnings:
Note	1265	Data truncated for column 'f3()' at row 1
SHOW CREATE TABLE t1;
Table	Create Table
t1	CREATE TABLE `t1` (
  `f1()` timestamp(3) NULL DEFAULT NULL,
  `f2()` datetime(3) DEFAULT NULL,
  `f3()` time(3) DEFAULT NULL
) ENGINE=MyISAM DEFAULT CHARSET=latin1
DROP TABLE t1;
DROP FUNCTION f1;
DROP FUNCTION f2;
DROP FUNCTION f3;
SET SESSION show_old_temporals = @save_show_old_temporals;
Warnings:
Warning	1287	'@@show_old_temporals' is deprecated and will be removed in a future release.
